START,STOP,PATIENT,ENCOUNTER,CODE,DESCRIPTION,SEVERITY,REACTION
2025-01-01,,e1083097-03be-4b9e-905f-ae92e5d7fec2,,,Penicillin,Moderate,Cutaneous maculopapular rash
2025-01-01,,1c404005-b92d-449f-b9bb-2141fb934c3e,,,Sulfamethoxazole / Trimethoprim (Bactrim),High,Urticaria and facial swelling
2025-01-01,,de002cb4-25ff-4fbe-b3de-4942f9529e7d,,,Iodinated Radiocontrast Media,High,Bronchospasm and pruritus
2025-01-01,,1199c5b7-49a6-43dc-ac00-8c8c7b0f794e,,,Aspirin,High,Induced bronchospasm
2025-01-01,,1eb15efd-e588-4566-88de-e23bd14285f8,,,Dust Mites & Animal Dander,Moderate,Acute rhinitis & wheezing
2025-01-01,,6b312af2-9f50-436c-9229-52e27783fcbb,,,Codeine Phosphate,Moderate,Severe nausea and dizziness
2025-01-01,,b8534c60-cf2c-4c6a-a5ac-cd7b7dfe1018,,,Ibuprofen / NSAIDs,Critical,Acute worsening of renal clearance
2025-01-01,,d0b886b9-a249-4c3f-ad58-3e2481c1c9ba,,,Gentamicin Sulfate,High,Ototoxicity & Nephrotoxicity
2025-01-01,,55eb1f02-e3f5-4486-b151-c31527ddb200,,,Amoxicillin / Penicillin,Moderate,Pruritic rash
