START,STOP,PATIENT,ENCOUNTER,CODE,DESCRIPTION
2026-02-14,,e1083097-03be-4b9e-905f-ae92e5d7fec2,6e018e9f-a7d3-42e5-91e5-d1203266cd7d,U07.1,COVID-19 with Acute Hypoxemic Respiratory Failure
2026-02-15,,e1083097-03be-4b9e-905f-ae92e5d7fec2,6e018e9f-a7d3-42e5-91e5-d1203266cd7d,J12.82,Viral Pneumonia complicated by secondary bacterial infection
2026-01-10,,ce5556cb-b86f-49be-99b5-1d57eeb17f15,a51f4b95-be9a-4eb1-bfc7-fe4087715a3b,A15.0,Active Pulmonary Tuberculosis (Mycobacterium tuberculosis)
2026-01-08,,ce5556cb-b86f-49be-99b5-1d57eeb17f15,a51f4b95-be9a-4eb1-bfc7-fe4087715a3b,R04.2,Hemoptysis (Blood-tinged sputum)
2025-08-15,,1c404005-b92d-449f-b9bb-2141fb934c3e,0a83e25c-a49a-4317-ac5e-464e0882e8bf,C50.912,"Invasive Ductal Carcinoma of Left Breast (Stage IIB, ER+/PR+/HER2-)"
2025-08-15,,1c404005-b92d-449f-b9bb-2141fb934c3e,0a83e25c-a49a-4317-ac5e-464e0882e8bf,Z85.3,Personal history of malignant neoplasm of breast
2025-10-02,,de002cb4-25ff-4fbe-b3de-4942f9529e7d,42966b85-f7da-472b-b750-5983df7f1af5,C34.12,Malignant Neoplasm of Left Upper Lobe (Adenocarcinoma Stage IIIA)
2025-09-15,,de002cb4-25ff-4fbe-b3de-4942f9529e7d,42966b85-f7da-472b-b750-5983df7f1af5,R05,Chronic Cough with persistent hoarseness
2025-04-10,,1199c5b7-49a6-43dc-ac00-8c8c7b0f794e,6c17362c-e06c-424e-aabb-8c11fd4bbe99,J44.1,Chronic Obstructive Pulmonary Disease (COPD) with Acute Exacerbation
2024-01-15,,1199c5b7-49a6-43dc-ac00-8c8c7b0f794e,6c17362c-e06c-424e-aabb-8c11fd4bbe99,J44.9,Chronic Emphysema with persistent air trapping
2024-09-05,,1eb15efd-e588-4566-88de-e23bd14285f8,7e6cefe0-1cee-4e3b-865d-90107b719f0f,J45.50,Severe Persistent Bronchial Asthma
2023-06-12,,1eb15efd-e588-4566-88de-e23bd14285f8,7e6cefe0-1cee-4e3b-865d-90107b719f0f,J30.1,Allergic Rhinitis due to environmental allergens
2026-01-22,,6b312af2-9f50-436c-9229-52e27783fcbb,396a105e-7de9-4d25-a47d-e0a167cdc9c8,I21.09,Acute Anterior STEMI involving Left Anterior Descending Artery
2025-02-10,,6b312af2-9f50-436c-9229-52e27783fcbb,396a105e-7de9-4d25-a47d-e0a167cdc9c8,I25.10,Atherosclerotic Coronary Artery Disease of native arteries
2020-05-14,,6b312af2-9f50-436c-9229-52e27783fcbb,396a105e-7de9-4d25-a47d-e0a167cdc9c8,I10,Essential (primary) Hypertension
2025-01-14,,01e68c13-1b7c-44f2-be75-6299fc209e77,e7b05ac8-b898-405f-8f58-e34ad0fe8ab9,I50.22,Chronic Systolic Heart Failure with Reduced Ejection Fraction (HFrEF Stage C)
2024-07-19,,01e68c13-1b7c-44f2-be75-6299fc209e77,e7b05ac8-b898-405f-8f58-e34ad0fe8ab9,I48.91,Unspecified Atrial Fibrillation (Chronic persistent)
2024-11-20,,b8534c60-cf2c-4c6a-a5ac-cd7b7dfe1018,64eea54e-173d-4fbe-80c0-44aebf01f623,N18.4,Chronic Kidney Disease Stage 4 (Severe reduction in GFR)
2018-03-10,,b8534c60-cf2c-4c6a-a5ac-cd7b7dfe1018,64eea54e-173d-4fbe-80c0-44aebf01f623,E11.22,Type 2 Diabetes Mellitus with Diabetic Chronic Kidney Disease
2025-06-01,,b8534c60-cf2c-4c6a-a5ac-cd7b7dfe1018,64eea54e-173d-4fbe-80c0-44aebf01f623,D63.1,Anemia in Chronic Kidney Disease
2026-02-25,,d0b886b9-a249-4c3f-ad58-3e2481c1c9ba,d829f562-b942-4097-bc95-b08d8dfc7c9d,N17.9,Acute Kidney Injury (AKI KDIGO Stage 2)
2023-10-05,,d0b886b9-a249-4c3f-ad58-3e2481c1c9ba,d829f562-b942-4097-bc95-b08d8dfc7c9d,N18.30,Underlying Chronic Kidney Disease Stage 3
2024-03-10,,55eb1f02-e3f5-4486-b151-c31527ddb200,2b9148d0-bc53-4374-ab6c-c64ea501b3c8,I10,Essential (primary) Hypertension
2025-01-18,,55eb1f02-e3f5-4486-b151-c31527ddb200,2b9148d0-bc53-4374-ab6c-c64ea501b3c8,E11.9,Type 2 Diabetes Mellitus without complications
