Id,START,STOP,PATIENT,ORGANIZATION,PROVIDER,PAYER,ENCOUNTERCLASS,REASONDESCRIPTION
6e018e9f-a7d3-42e5-91e5-d1203266cd7d,2026-02-14 10:30:00+00:00,2026-02-20 16:00:00+00:00,e1083097-03be-4b9e-905f-ae92e5d7fec2,Metro General Hospital,"Dr. Sarah Smith, MD",,Emergency / Inpatient Admission,Acute respiratory distress and persistent high fever due to viral pneumonia.
a51f4b95-be9a-4eb1-bfc7-fe4087715a3b,2026-01-10 11:00:00+00:00,2026-01-10 12:15:00+00:00,ce5556cb-b86f-49be-99b5-1d57eeb17f15,Metro General Hospital,"Dr. Sarah Smith, MD",,Infectious Disease Specialist Consultation,Evaluation of persistent cough for 4 weeks with night sweats and hemoptysis.
0a83e25c-a49a-4317-ac5e-464e0882e8bf,2026-02-20 14:00:00+00:00,2026-02-20 15:30:00+00:00,1c404005-b92d-449f-b9bb-2141fb934c3e,Metro General Hospital,"Dr. Sarah Smith, MD",,Oncology Outpatient Clinic,Adjuvant endocrine therapy monitoring for breast carcinoma.
42966b85-f7da-472b-b750-5983df7f1af5,2026-01-18 09:30:00+00:00,2026-01-18 11:00:00+00:00,de002cb4-25ff-4fbe-b3de-4942f9529e7d,Metro General Hospital,"Dr. Sarah Smith, MD",,Thoracic Oncology Consultation,Multidisciplinary review of primary lung adenocarcinoma.
6c17362c-e06c-424e-aabb-8c11fd4bbe99,2026-02-28 13:00:00+00:00,2026-02-28 14:00:00+00:00,1199c5b7-49a6-43dc-ac00-8c8c7b0f794e,Metro General Hospital,"Dr. Sarah Smith, MD",,Pulmonology Outpatient Visit,Exacerbation of chronic dyspnea and wheezing.
7e6cefe0-1cee-4e3b-865d-90107b719f0f,2026-03-02 15:00:00+00:00,2026-03-02 15:45:00+00:00,1eb15efd-e588-4566-88de-e23bd14285f8,Metro General Hospital,"Dr. Sarah Smith, MD",,Allergy & Asthma Clinic Evaluation,Step-up controller therapy evaluation for uncontrolled nocturnal asthma.
396a105e-7de9-4d25-a47d-e0a167cdc9c8,2026-01-22 06:15:00+00:00,2026-01-26 14:00:00+00:00,6b312af2-9f50-436c-9229-52e27783fcbb,Metro General Hospital,"Dr. Sarah Smith, MD",,Cardiac Care Unit Admission & Percutaneous Intervention,Acute anterior ST-elevation myocardial infarction; drug-eluting stent placed in LAD.
e7b05ac8-b898-405f-8f58-e34ad0fe8ab9,2026-02-15 10:00:00+00:00,2026-02-15 11:30:00+00:00,01e68c13-1b7c-44f2-be75-6299fc209e77,Metro General Hospital,"Dr. Sarah Smith, MD",,Heart Failure Clinic Longitudinal Review,Decompensated biventricular failure management; titration of GDMT.
64eea54e-173d-4fbe-80c0-44aebf01f623,2026-02-10 11:00:00+00:00,2026-02-10 12:30:00+00:00,b8534c60-cf2c-4c6a-a5ac-cd7b7dfe1018,Metro General Hospital,"Dr. Sarah Smith, MD",,Nephrology Subspecialty Consultation,Evaluation of rapidly progressing proteinuria and Stage 4 renal insufficiency.
d829f562-b942-4097-bc95-b08d8dfc7c9d,2026-02-25 08:30:00+00:00,2026-03-01 12:00:00+00:00,d0b886b9-a249-4c3f-ad58-3e2481c1c9ba,Metro General Hospital,"Dr. Sarah Smith, MD",,Inpatient Nephrology Consult & Hemodialysis Planning,Acute on chronic kidney injury precipitated by volume depletion.
2b9148d0-bc53-4374-ab6c-c64ea501b3c8,2026-01-15 09:00:00+00:00,2026-01-15 10:00:00+00:00,55eb1f02-e3f5-4486-b151-c31527ddb200,Metro General Hospital,"Dr. Sarah Smith, MD",,Comprehensive Health & Chronic Disease Review,Routine ambulatory monitoring of blood pressure and glycemic markers.
