START,STOP,PATIENT,PAYER,ENCOUNTER,CODE,DESCRIPTION,DOSAGE
2026-02-14 10:30:00+00:00,,e1083097-03be-4b9e-905f-ae92e5d7fec2,,6e018e9f-a7d3-42e5-91e5-d1203266cd7d,,Nirmatrelvir 300mg / Ritonavir 100mg Oral (Paxlovid),Twice daily for 5 days
2026-02-14 10:30:00+00:00,,e1083097-03be-4b9e-905f-ae92e5d7fec2,,6e018e9f-a7d3-42e5-91e5-d1203266cd7d,,Dexamethasone 6 MG Oral Tablet,Once daily in morning
2026-02-14 10:30:00+00:00,,e1083097-03be-4b9e-905f-ae92e5d7fec2,,6e018e9f-a7d3-42e5-91e5-d1203266cd7d,,Ceftriaxone 1000 MG Injection,IV daily
2026-01-10 11:00:00+00:00,,ce5556cb-b86f-49be-99b5-1d57eeb17f15,,a51f4b95-be9a-4eb1-bfc7-fe4087715a3b,,Rifampin 300 MG Oral Capsule,600mg daily on empty stomach
2026-01-10 11:00:00+00:00,,ce5556cb-b86f-49be-99b5-1d57eeb17f15,,a51f4b95-be9a-4eb1-bfc7-fe4087715a3b,,Isoniazid 300 MG Oral Tablet,300mg once daily
2026-01-10 11:00:00+00:00,,ce5556cb-b86f-49be-99b5-1d57eeb17f15,,a51f4b95-be9a-4eb1-bfc7-fe4087715a3b,,Pyrazinamide 500 MG Oral Tablet,1500mg daily
2026-01-10 11:00:00+00:00,,ce5556cb-b86f-49be-99b5-1d57eeb17f15,,a51f4b95-be9a-4eb1-bfc7-fe4087715a3b,,Ethambutol Hydrochloride 400 MG Oral Tablet,1200mg daily
2026-01-10 11:00:00+00:00,,ce5556cb-b86f-49be-99b5-1d57eeb17f15,,a51f4b95-be9a-4eb1-bfc7-fe4087715a3b,,Pyridoxine (Vitamin B6) 50 MG Tablet,Once daily with Isoniazid
2026-02-20 14:00:00+00:00,,1c404005-b92d-449f-b9bb-2141fb934c3e,,0a83e25c-a49a-4317-ac5e-464e0882e8bf,,Anastrozole 1 MG Oral Tablet,1mg daily oral
2026-02-20 14:00:00+00:00,,1c404005-b92d-449f-b9bb-2141fb934c3e,,0a83e25c-a49a-4317-ac5e-464e0882e8bf,,Calcium Carbonate 500 MG / Vitamin D3 400 UNIT,Twice daily with meals
2026-02-20 14:00:00+00:00,,1c404005-b92d-449f-b9bb-2141fb934c3e,,0a83e25c-a49a-4317-ac5e-464e0882e8bf,,Ondansetron 8 MG Oral Tablet,Every 8 hours as needed for nausea
2026-01-18 09:30:00+00:00,,de002cb4-25ff-4fbe-b3de-4942f9529e7d,,42966b85-f7da-472b-b750-5983df7f1af5,,Pemetrexed 500 MG/M2 Injection,IV every 21 days
2026-01-18 09:30:00+00:00,,de002cb4-25ff-4fbe-b3de-4942f9529e7d,,42966b85-f7da-472b-b750-5983df7f1af5,,Dexamethasone 4 MG Oral Tablet,Twice daily for 3 days starting pre-chemo
2026-01-18 09:30:00+00:00,,de002cb4-25ff-4fbe-b3de-4942f9529e7d,,42966b85-f7da-472b-b750-5983df7f1af5,,Folic Acid 1 MG Oral Tablet,Daily oral supplementation
2026-02-28 13:00:00+00:00,,1199c5b7-49a6-43dc-ac00-8c8c7b0f794e,,6c17362c-e06c-424e-aabb-8c11fd4bbe99,,Tiotropium Bromide 18 MCG Inhalation Powder (Spiriva),1 capsule inhaled once daily
2026-02-28 13:00:00+00:00,,1199c5b7-49a6-43dc-ac00-8c8c7b0f794e,,6c17362c-e06c-424e-aabb-8c11fd4bbe99,,Fluticasone Propionate / Salmeterol 250/50 Inhalation (Advair),1 puff twice daily
2026-02-28 13:00:00+00:00,,1199c5b7-49a6-43dc-ac00-8c8c7b0f794e,,6c17362c-e06c-424e-aabb-8c11fd4bbe99,,Albuterol Sulfate 0.09 MG/ACT Inhaler (Ventolin),1-2 puffs every 4 hours PRN dyspnea
2026-02-28 13:00:00+00:00,,1199c5b7-49a6-43dc-ac00-8c8c7b0f794e,,6c17362c-e06c-424e-aabb-8c11fd4bbe99,,Prednisone 20 MG Oral Tablet,1 tablet daily for 5-day taper
2026-03-02 15:00:00+00:00,,1eb15efd-e588-4566-88de-e23bd14285f8,,7e6cefe0-1cee-4e3b-865d-90107b719f0f,,Budesonide 160 MCG / Formoterol 4.5 MCG Inhalation (Symbicort),2 inhalations twice daily
2026-03-02 15:00:00+00:00,,1eb15efd-e588-4566-88de-e23bd14285f8,,7e6cefe0-1cee-4e3b-865d-90107b719f0f,,Montelukast 10 MG Oral Tablet (Singulair),1 tablet at bedtime
2026-03-02 15:00:00+00:00,,1eb15efd-e588-4566-88de-e23bd14285f8,,7e6cefe0-1cee-4e3b-865d-90107b719f0f,,Albuterol Sulfate 90 MCG Inhaler,2 puffs 15 min prior to exercise
2026-01-22 06:15:00+00:00,,6b312af2-9f50-436c-9229-52e27783fcbb,,396a105e-7de9-4d25-a47d-e0a167cdc9c8,,Aspirin 81 MG Delayed Release Tablet,81mg once daily
2026-01-22 06:15:00+00:00,,6b312af2-9f50-436c-9229-52e27783fcbb,,396a105e-7de9-4d25-a47d-e0a167cdc9c8,,Ticagrelor 90 MG Oral Tablet (Brilinta),90mg twice daily with Aspirin
2026-01-22 06:15:00+00:00,,6b312af2-9f50-436c-9229-52e27783fcbb,,396a105e-7de9-4d25-a47d-e0a167cdc9c8,,Atorvastatin Calcium 80 MG Oral Tablet,80mg once daily at bedtime
2026-01-22 06:15:00+00:00,,6b312af2-9f50-436c-9229-52e27783fcbb,,396a105e-7de9-4d25-a47d-e0a167cdc9c8,,Metoprolol Succinate 50 MG Extended Release Tablet,50mg once daily in morning
2026-01-22 06:15:00+00:00,,6b312af2-9f50-436c-9229-52e27783fcbb,,396a105e-7de9-4d25-a47d-e0a167cdc9c8,,Ramipril 5 MG Oral Capsule,5mg once daily
2026-02-15 10:00:00+00:00,,01e68c13-1b7c-44f2-be75-6299fc209e77,,e7b05ac8-b898-405f-8f58-e34ad0fe8ab9,,Sacubitril 49 MG / Valsartan 51 MG Tablet (Entresto),1 tablet twice daily
2026-02-15 10:00:00+00:00,,01e68c13-1b7c-44f2-be75-6299fc209e77,,e7b05ac8-b898-405f-8f58-e34ad0fe8ab9,,Carvedilol 12.5 MG Oral Tablet,12.5mg twice daily with food
2026-02-15 10:00:00+00:00,,01e68c13-1b7c-44f2-be75-6299fc209e77,,e7b05ac8-b898-405f-8f58-e34ad0fe8ab9,,Furosemide 40 MG Oral Tablet (Lasix),40mg every morning
2026-02-15 10:00:00+00:00,,01e68c13-1b7c-44f2-be75-6299fc209e77,,e7b05ac8-b898-405f-8f58-e34ad0fe8ab9,,Spironolactone 25 MG Oral Tablet,25mg once daily
2026-02-15 10:00:00+00:00,,01e68c13-1b7c-44f2-be75-6299fc209e77,,e7b05ac8-b898-405f-8f58-e34ad0fe8ab9,,Apixaban 5 MG Oral Tablet (Eliquis),5mg twice daily
2026-02-10 11:00:00+00:00,,b8534c60-cf2c-4c6a-a5ac-cd7b7dfe1018,,64eea54e-173d-4fbe-80c0-44aebf01f623,,Losartan Potassium 50 MG Oral Tablet,50mg once daily
2026-02-10 11:00:00+00:00,,b8534c60-cf2c-4c6a-a5ac-cd7b7dfe1018,,64eea54e-173d-4fbe-80c0-44aebf01f623,,Empagliflozin 10 MG Oral Tablet (Jardiance),10mg once daily in morning
2026-02-10 11:00:00+00:00,,b8534c60-cf2c-4c6a-a5ac-cd7b7dfe1018,,64eea54e-173d-4fbe-80c0-44aebf01f623,,Sevelamer Carbonate 800 MG Tablet (Renvela),800mg three times daily with meals
2026-02-10 11:00:00+00:00,,b8534c60-cf2c-4c6a-a5ac-cd7b7dfe1018,,64eea54e-173d-4fbe-80c0-44aebf01f623,,Darbepoetin Alfa 40 MCG/0.4 ML Syringe,Subcutaneous injection every 4 weeks
2026-02-25 08:30:00+00:00,,d0b886b9-a249-4c3f-ad58-3e2481c1c9ba,,d829f562-b942-4097-bc95-b08d8dfc7c9d,,Sodium Bicarbonate 650 MG Tablet,650mg twice daily for metabolic acidosis
2026-02-25 08:30:00+00:00,,d0b886b9-a249-4c3f-ad58-3e2481c1c9ba,,d829f562-b942-4097-bc95-b08d8dfc7c9d,,Pravastatin Sodium 20 MG Tablet,20mg at bedtime
2026-02-25 08:30:00+00:00,,d0b886b9-a249-4c3f-ad58-3e2481c1c9ba,,d829f562-b942-4097-bc95-b08d8dfc7c9d,,Amlodipine Besylate 5 MG Tablet,5mg once daily
2026-01-15 09:00:00+00:00,,55eb1f02-e3f5-4486-b151-c31527ddb200,,2b9148d0-bc53-4374-ab6c-c64ea501b3c8,,Lisinopril 10 MG Oral Tablet,10mg once daily in morning
2026-01-15 09:00:00+00:00,,55eb1f02-e3f5-4486-b151-c31527ddb200,,2b9148d0-bc53-4374-ab6c-c64ea501b3c8,,Metformin Hydrochloride 500 MG Tablet,500mg twice daily with food
2026-01-15 09:00:00+00:00,,55eb1f02-e3f5-4486-b151-c31527ddb200,,2b9148d0-bc53-4374-ab6c-c64ea501b3c8,,Atorvastatin 20 MG Tablet,20mg daily at bedtime
