DATE,PATIENT,ENCOUNTER,CODE,DESCRIPTION,VALUE,UNITS,REFERENCE_RANGE
2026-02-14 10:30:00+00:00,e1083097-03be-4b9e-905f-ae92e5d7fec2,6e018e9f-a7d3-42e5-91e5-d1203266cd7d,,Pulse Oximetry (SpO2),91.0,%,95-100
2026-02-14 10:30:00+00:00,e1083097-03be-4b9e-905f-ae92e5d7fec2,6e018e9f-a7d3-42e5-91e5-d1203266cd7d,,Body Temperature,102.4,deg F,97.0-99.0
2026-02-14 10:30:00+00:00,e1083097-03be-4b9e-905f-ae92e5d7fec2,6e018e9f-a7d3-42e5-91e5-d1203266cd7d,,C-Reactive Protein (CRP),48.5,mg/L,0.0-5.0
2026-02-14 10:30:00+00:00,e1083097-03be-4b9e-905f-ae92e5d7fec2,6e018e9f-a7d3-42e5-91e5-d1203266cd7d,,White Blood Cell Count (WBC),13.8,10*3/uL,4.5-11.0
2026-02-14 10:30:00+00:00,e1083097-03be-4b9e-905f-ae92e5d7fec2,6e018e9f-a7d3-42e5-91e5-d1203266cd7d,,Serum Ferritin,620.0,ng/mL,30-400
2026-01-10 11:00:00+00:00,ce5556cb-b86f-49be-99b5-1d57eeb17f15,a51f4b95-be9a-4eb1-bfc7-fe4087715a3b,,Acid-Fast Bacilli Sputum Smear (AFB),Positive (3+),{qualitative},Negative
2026-01-10 11:00:00+00:00,ce5556cb-b86f-49be-99b5-1d57eeb17f15,a51f4b95-be9a-4eb1-bfc7-fe4087715a3b,,Erythrocyte Sedimentation Rate (ESR),65.0,mm/hr,0-20
2026-01-10 11:00:00+00:00,ce5556cb-b86f-49be-99b5-1d57eeb17f15,a51f4b95-be9a-4eb1-bfc7-fe4087715a3b,,Chest X-Ray Findings,Right upper lobe cavitary consolidation,{text},Clear
2026-02-20 14:00:00+00:00,1c404005-b92d-449f-b9bb-2141fb934c3e,0a83e25c-a49a-4317-ac5e-464e0882e8bf,,Cancer Antigen 15-3 (CA 15-3),18.2,U/mL,0-30
2026-02-20 14:00:00+00:00,1c404005-b92d-449f-b9bb-2141fb934c3e,0a83e25c-a49a-4317-ac5e-464e0882e8bf,,Hemoglobin,11.6,g/dL,12.0-16.0
2026-02-20 14:00:00+00:00,1c404005-b92d-449f-b9bb-2141fb934c3e,0a83e25c-a49a-4317-ac5e-464e0882e8bf,,Platelet Count,195.0,10*3/uL,150-450
2026-02-20 14:00:00+00:00,1c404005-b92d-449f-b9bb-2141fb934c3e,0a83e25c-a49a-4317-ac5e-464e0882e8bf,,Bone Mineral Density (T-Score),-1.4,{score},> -1.0
2026-01-18 09:30:00+00:00,de002cb4-25ff-4fbe-b3de-4942f9529e7d,42966b85-f7da-472b-b750-5983df7f1af5,,Carcinoembryonic Antigen (CEA),14.2,ng/mL,0.0-3.0
2026-01-18 09:30:00+00:00,de002cb4-25ff-4fbe-b3de-4942f9529e7d,42966b85-f7da-472b-b750-5983df7f1af5,,Chest CT Tumor Size,3.4,cm,None
2026-01-18 09:30:00+00:00,de002cb4-25ff-4fbe-b3de-4942f9529e7d,42966b85-f7da-472b-b750-5983df7f1af5,,Pulse Oximetry (SpO2),93.0,%,95-100
2026-01-18 09:30:00+00:00,de002cb4-25ff-4fbe-b3de-4942f9529e7d,42966b85-f7da-472b-b750-5983df7f1af5,,Alanine Aminotransferase (ALT),28.0,U/L,7-56
2026-02-28 13:00:00+00:00,1199c5b7-49a6-43dc-ac00-8c8c7b0f794e,6c17362c-e06c-424e-aabb-8c11fd4bbe99,,FEV1 / FVC Ratio,0.52,{ratio},> 0.70
2026-02-28 13:00:00+00:00,1199c5b7-49a6-43dc-ac00-8c8c7b0f794e,6c17362c-e06c-424e-aabb-8c11fd4bbe99,,FEV1 % Predicted,46.0,%,> 80.0
2026-02-28 13:00:00+00:00,1199c5b7-49a6-43dc-ac00-8c8c7b0f794e,6c17362c-e06c-424e-aabb-8c11fd4bbe99,,Arterial Oxygen Partial Pressure (PaO2),59.0,mmHg,75-100
2026-02-28 13:00:00+00:00,1199c5b7-49a6-43dc-ac00-8c8c7b0f794e,6c17362c-e06c-424e-aabb-8c11fd4bbe99,,Pulse Oximetry (SpO2),89.0,%,95-100
2026-02-28 13:00:00+00:00,1199c5b7-49a6-43dc-ac00-8c8c7b0f794e,6c17362c-e06c-424e-aabb-8c11fd4bbe99,,Respiration Rate,24.0,/min,12-20
2026-03-02 15:00:00+00:00,1eb15efd-e588-4566-88de-e23bd14285f8,7e6cefe0-1cee-4e3b-865d-90107b719f0f,,Peak Expiratory Flow Rate (PEF),310.0,L/min,380-500
2026-03-02 15:00:00+00:00,1eb15efd-e588-4566-88de-e23bd14285f8,7e6cefe0-1cee-4e3b-865d-90107b719f0f,,Total Serum IgE,410.0,IU/mL,0-100
2026-03-02 15:00:00+00:00,1eb15efd-e588-4566-88de-e23bd14285f8,7e6cefe0-1cee-4e3b-865d-90107b719f0f,,Blood Eosinophil Count,580.0,cells/uL,0-500
2026-03-02 15:00:00+00:00,1eb15efd-e588-4566-88de-e23bd14285f8,7e6cefe0-1cee-4e3b-865d-90107b719f0f,,Fractional Exhaled Nitric Oxide (FeNO),52.0,ppb,< 25
2026-01-22 06:15:00+00:00,6b312af2-9f50-436c-9229-52e27783fcbb,396a105e-7de9-4d25-a47d-e0a167cdc9c8,,High-Sensitivity Cardiac Troponin I,4.82,ng/mL,< 0.04
2026-01-22 06:15:00+00:00,6b312af2-9f50-436c-9229-52e27783fcbb,396a105e-7de9-4d25-a47d-e0a167cdc9c8,,Systolic Blood Pressure,136.0,mmHg,90-120
2026-01-22 06:15:00+00:00,6b312af2-9f50-436c-9229-52e27783fcbb,396a105e-7de9-4d25-a47d-e0a167cdc9c8,,Diastolic Blood Pressure,84.0,mmHg,60-80
2026-01-22 06:15:00+00:00,6b312af2-9f50-436c-9229-52e27783fcbb,396a105e-7de9-4d25-a47d-e0a167cdc9c8,,Heart Rate,68.0,/min,60-100
2026-01-22 06:15:00+00:00,6b312af2-9f50-436c-9229-52e27783fcbb,396a105e-7de9-4d25-a47d-e0a167cdc9c8,,LDL Cholesterol,148.0,mg/dL,< 70
2026-01-22 06:15:00+00:00,6b312af2-9f50-436c-9229-52e27783fcbb,396a105e-7de9-4d25-a47d-e0a167cdc9c8,,Left Ventricular Ejection Fraction (LVEF),45.0,%,55-70
2026-02-15 10:00:00+00:00,01e68c13-1b7c-44f2-be75-6299fc209e77,e7b05ac8-b898-405f-8f58-e34ad0fe8ab9,,N-Terminal Pro-BNP (NT-proBNP),3420.0,pg/mL,< 300.0
2026-02-15 10:00:00+00:00,01e68c13-1b7c-44f2-be75-6299fc209e77,e7b05ac8-b898-405f-8f58-e34ad0fe8ab9,,Left Ventricular Ejection Fraction (LVEF),32.0,%,55-70
2026-02-15 10:00:00+00:00,01e68c13-1b7c-44f2-be75-6299fc209e77,e7b05ac8-b898-405f-8f58-e34ad0fe8ab9,,Serum Potassium,4.7,mEq/L,3.5-5.0
2026-02-15 10:00:00+00:00,01e68c13-1b7c-44f2-be75-6299fc209e77,e7b05ac8-b898-405f-8f58-e34ad0fe8ab9,,Serum Creatinine,1.32,mg/dL,0.7-1.3
2026-02-15 10:00:00+00:00,01e68c13-1b7c-44f2-be75-6299fc209e77,e7b05ac8-b898-405f-8f58-e34ad0fe8ab9,,Body Weight,85.2,kg,80-85
2026-02-10 11:00:00+00:00,b8534c60-cf2c-4c6a-a5ac-cd7b7dfe1018,64eea54e-173d-4fbe-80c0-44aebf01f623,,Serum Creatinine,3.42,mg/dL,0.6-1.1
2026-02-10 11:00:00+00:00,b8534c60-cf2c-4c6a-a5ac-cd7b7dfe1018,64eea54e-173d-4fbe-80c0-44aebf01f623,,Estimated Glomerular Filtration Rate (eGFR),20.5,mL/min/1.73m2,> 60
2026-02-10 11:00:00+00:00,b8534c60-cf2c-4c6a-a5ac-cd7b7dfe1018,64eea54e-173d-4fbe-80c0-44aebf01f623,,Urine Albumin / Creatinine Ratio (uACR),1840.0,mg/g,< 30
2026-02-10 11:00:00+00:00,b8534c60-cf2c-4c6a-a5ac-cd7b7dfe1018,64eea54e-173d-4fbe-80c0-44aebf01f623,,Blood Urea Nitrogen (BUN),52.0,mg/dL,7-20
2026-02-10 11:00:00+00:00,b8534c60-cf2c-4c6a-a5ac-cd7b7dfe1018,64eea54e-173d-4fbe-80c0-44aebf01f623,,Serum Potassium,5.1,mEq/L,3.5-5.0
2026-02-10 11:00:00+00:00,b8534c60-cf2c-4c6a-a5ac-cd7b7dfe1018,64eea54e-173d-4fbe-80c0-44aebf01f623,,Hemoglobin,9.6,g/dL,12.0-16.0
2026-02-25 08:30:00+00:00,d0b886b9-a249-4c3f-ad58-3e2481c1c9ba,d829f562-b942-4097-bc95-b08d8dfc7c9d,,Serum Creatinine,3.85,mg/dL,0.7-1.3
2026-02-25 08:30:00+00:00,d0b886b9-a249-4c3f-ad58-3e2481c1c9ba,d829f562-b942-4097-bc95-b08d8dfc7c9d,,Baseline Creatinine (3 months prior),1.65,mg/dL,0.7-1.3
2026-02-25 08:30:00+00:00,d0b886b9-a249-4c3f-ad58-3e2481c1c9ba,d829f562-b942-4097-bc95-b08d8dfc7c9d,,Blood Urea Nitrogen (BUN),58.0,mg/dL,8-24
2026-02-25 08:30:00+00:00,d0b886b9-a249-4c3f-ad58-3e2481c1c9ba,d829f562-b942-4097-bc95-b08d8dfc7c9d,,Fractional Excretion of Sodium (FENa),0.75,%,1.0-2.0
2026-02-25 08:30:00+00:00,d0b886b9-a249-4c3f-ad58-3e2481c1c9ba,d829f562-b942-4097-bc95-b08d8dfc7c9d,,Serum Bicarbonate (CO2),18.0,mEq/L,22-29
2026-01-15 09:00:00+00:00,55eb1f02-e3f5-4486-b151-c31527ddb200,2b9148d0-bc53-4374-ab6c-c64ea501b3c8,,Systolic Blood Pressure,128.0,mmHg,90-120
2026-01-15 09:00:00+00:00,55eb1f02-e3f5-4486-b151-c31527ddb200,2b9148d0-bc53-4374-ab6c-c64ea501b3c8,,Diastolic Blood Pressure,82.0,mmHg,60-80
2026-01-15 09:00:00+00:00,55eb1f02-e3f5-4486-b151-c31527ddb200,2b9148d0-bc53-4374-ab6c-c64ea501b3c8,,Fasting Blood Glucose,116.0,mg/dL,70-99
2026-01-15 09:00:00+00:00,55eb1f02-e3f5-4486-b151-c31527ddb200,2b9148d0-bc53-4374-ab6c-c64ea501b3c8,,Hemoglobin A1c (HbA1c),6.7,%,< 5.7
2026-01-15 09:00:00+00:00,55eb1f02-e3f5-4486-b151-c31527ddb200,2b9148d0-bc53-4374-ab6c-c64ea501b3c8,,Body Mass Index (BMI),26.4,kg/m2,18.5-24.9
2026-01-15 09:00:00+00:00,55eb1f02-e3f5-4486-b151-c31527ddb200,2b9148d0-bc53-4374-ab6c-c64ea501b3c8,,Heart Rate,72.0,/min,60-100
