Id,BIRTHDATE,DEATHDATE,FIRST,LAST,GENDER,BLOOD_GROUP,ADDRESS
e1083097-03be-4b9e-905f-ae92e5d7fec2,1984-05-12,,Michael,Chang,M,O+,"452 Pine Valley Rd, Springfield"
ce5556cb-b86f-49be-99b5-1d57eeb17f15,1992-09-18,,Amina,Patel,F,A+,"78 Heritage Way, Springfield"
1c404005-b92d-449f-b9bb-2141fb934c3e,1970-03-24,,Eleanor,Vance,F,B+,"129 Oakwood Crest, Springfield"
de002cb4-25ff-4fbe-b3de-4942f9529e7d,1962-11-04,,Robert,Chen,M,AB+,"610 Cedar Ridge Ave, Springfield"
1199c5b7-49a6-43dc-ac00-8c8c7b0f794e,1958-07-19,,Arthur,Pendleton,M,A-,"334 Elmhurst St, Springfield"
1eb15efd-e588-4566-88de-e23bd14285f8,1998-02-11,,Sophia,Martinez,F,O+,"89 Brookside Ct, Springfield"
6b312af2-9f50-436c-9229-52e27783fcbb,1965-06-30,,David,Miller,M,A+,"520 Grandview Terrace, Springfield"
01e68c13-1b7c-44f2-be75-6299fc209e77,1954-12-08,,James,Wilson,M,B+,"114 Highland Way, Springfield"
b8534c60-cf2c-4c6a-a5ac-cd7b7dfe1018,1967-08-22,,Elena,Rodriguez,F,O-,"405 Meadowbrook Lane, Springfield"
d0b886b9-a249-4c3f-ad58-3e2481c1c9ba,1960-04-14,,Marcus,Brody,M,A+,"218 Riverfront Plaza, Springfield"
55eb1f02-e3f5-4486-b151-c31527ddb200,1982-06-15,,Jane,Smith,F,O+,"142 Maplewood Drive, Springfield"
